SA2_5DIG11,GEOM_CENTROID
11001,149.719543517035 -34.7505386898949
11002,149.604635110489 -34.516480374868
11003,148.915958163057 -34.8228647246685
11004,148.893149004484 -34.8767200940613
11005,148.353066674568 -34.3211381047406
11006,148.495595465515 -34.3097974074218
11007,149.793193970922 -35.4550964183024
11008,149.23279622092 -35.3759539008917
11009,149.225452181152 -35.3510408062893
11010,149.252406805718 -35.3551727194574
11011,149.391124762744 -35.4440366643579
11012,149.202843729248 -35.377583632908
11013,149.045471982993 -36.8779258407525
11014,149.11940467596 -36.2502235180667
11015,149.082360977818 -36.1272351677435
11016,148.608921246897 -36.4916754306288
11017,150.181749139476 -35.7011149921606
11018,150.210630902555 -35.7840042283885
11019,149.902119865073 -36.724826016867
11020,149.719083692459 -36.9288560922871
11021,150.161712945952 -35.8459819308554
11022,149.746419320819 -36.1774452795135
11023,149.890982311419 -37.0313425369364
11024,150.072246013934 -35.7746148635842
11025,149.882117653625 -36.9001674268741
11026,150.107209433538 -35.9471499401362
11027,150.073714480953 -36.3130821019569
11028,151.430177299488 -33.4754196922952
11029,151.384750879092 -33.508534789431
11030,151.175306426235 -33.3396826322771
11031,151.402501348625 -33.4232479898307
11032,151.347906744877 -33.425251028271
11033,151.294527634937 -33.4397208692869
11034,151.403119176328 -33.4698069163047
11035,151.334214586627 -33.3960963315156
11036,151.372830329259 -33.3842858662414
11037,151.316329341836 -33.4482224878185
11038,151.35756010388 -33.4774984969072
11039,151.428071584234 -33.4450377186419
11040,151.298091284135 -33.5290488517462
11041,151.449949957811 -33.4097065155918
11042,151.30568166974 -33.4851797210624
11043,151.364044348421 -33.4047278521904
11044,151.467452699484 -33.3796037147991
11045,151.524174907302 -33.2040609817794
11046,151.56087145106 -33.2266557710957
11047,151.428285976438 -33.3543983479401
11048,151.494749648383 -33.2579421398973
11049,151.324165308467 -33.1729852352675
11050,151.575949072948 -33.1804615887727
11051,151.335132669179 -33.316517811878
11052,151.576903985412 -33.1409752650909
11053,151.512020821292 -33.3291039050954
11054,151.554586643297 -33.2730699975728
11055,151.4121308143 -33.3048282082019
11056,151.458151013201 -33.2420313169511
11057,151.435216367792 -33.2765724029642
11058,149.558930156908 -33.3991167006539
11059,149.629214131247 -33.4152277168171
11060,149.532945228296 -33.4404540531179
11061,149.775691609278 -33.8880252046374
11062,147.033838218357 -32.9081192418354
11063,148.661022734977 -33.7910499637203
11064,148.682964639458 -33.7402425349027
11065,147.924875607279 -33.46158204112
11066,148.025871389456 -33.879225320101
11067,148.189844283084 -33.1729283326109
11068,148.001503465903 -32.9537181053404
11069,146.984302756235 -33.9001669635375
11070,150.124773245707 -33.4786459499468
11071,150.051434233544 -33.3074251269441
11072,149.601110018167 -32.6039760387481
11073,150.028221127011 -32.7483654994648
11074,149.543439860808 -32.4057830003378
11075,150.385429778447 -33.1605179518475
11076,149.143868997475 -33.6078232971171
11077,149.112603591014 -33.3013300736506
11078,149.125969321229 -33.2494286560054
11079,148.847604281765 -33.1465312051078
11080,152.935487395077 -29.6772524256549
11081,152.737939400871 -29.6348796086766
11082,153.266252894712 -29.4205624996857
11083,152.719859065349 -30.4479515923374
11084,153.10418815971 -30.2821398880869
11085,153.095807568577 -30.3151530452862
11086,153.032871373847 -30.2084107052766
11087,152.620502710439 -30.2136134495846
11088,153.140785199297 -30.2061130280837
11089,153.037083368886 -30.3761339479222
11090,152.999094916529 -30.4897755943803
11091,153.166866325691 -30.0277476431537
11092,145.746425714069 -29.9123825751374
11093,145.484780222804 -31.8760245690881
11094,148.224027463452 -30.9796646910061
11095,147.080674931403 -31.4504877970296
11096,148.066176045857 -29.7646865765295
11097,141.479168538323 -31.9441842906513
11098,142.718902920378 -31.0940252830154
11099,149.407370596905 -31.3551211826008
11100,148.67083425592 -32.2473463995931
11101,148.628545829036 -32.2671435736544
11102,148.580866508051 -32.2329040909664
11103,148.703637293615 -32.2614805378204
11104,148.642596029804 -31.6185026591582
11105,148.053238369428 -32.181146456313
11106,148.963824296125 -32.6516090682461
11107,151.325508255577 -32.7098791275673
11108,151.362076373446 -32.8319630701201
11109,151.189054897966 -32.9627163404786
11110,151.608282042101 -32.3494827948184
11111,151.461121053794 -32.8006776073237
11112,151.177289960844 -32.5752390659055
11113,151.010091179772 -32.6294370348774
11114,151.538809156355 -32.7600835927348
11115,151.600467358506 -32.7543217884042
11116,151.57903517922 -32.6770590018645
11117,151.483608623264 -32.6846880090287
11118,151.670710125904 -32.7631192815126
11119,152.03963474774 -32.7736346624651
11120,152.001980832537 -32.7442590537389
11121,152.126661178013 -32.7365186125124
11122,151.756640501354 -32.7704010115346
11123,151.707265594993 -32.6592461211051
11124,152.126972306861 -32.6278432868617
11125,151.893235113483 -32.7171408192243
11126,150.908257286916 -32.3140797048949
11127,150.607111165243 -32.4503918658837
11128,150.857991785268 -32.050193002377
11129,150.727802366378 -31.9670900022416
11130,150.866916329654 -34.4887989188612
11131,150.766467964893 -34.5225627251055
11132,150.764184517961 -34.4774751079856
11133,150.88538162486 -34.4609715284693
11134,150.824097942236 -34.4419371130801
11135,150.715458520381 -34.3694461542551
11136,150.719064910792 -34.5769028606283
11137,150.794926073871 -34.5618776873184
11138,150.843461866499 -34.6818045748455
11139,150.848984478444 -34.6395864830157
11140,150.754148510071 -34.6890860884016
11141,150.831915458615 -34.6021254241283
11142,150.826541156927 -34.5648330734971
11143,150.854226160115 -34.5548385990779
11144,150.88521583626 -34.3917268687003
11145,150.897154263064 -34.3708749879619
11146,150.854612943941 -34.4192041172071
11147,150.953207591299 -34.1864808484719
11148,150.938049524137 -34.289087030273
11149,150.887032920457 -34.4270340782499
11150,150.903829082391 -34.3406303349562
11151,152.070743052611 -32.3650721491197
11152,152.531969779468 -32.2212848614877
11153,152.403308024254 -32.2505806853541
11154,152.485603605192 -32.1606734360568
11155,152.828576858409 -31.0814381900302
11156,152.57752680411 -30.9196250984169
11157,152.953568051255 -30.7209727521505
11158,152.984982416038 -30.6456684317266
11159,152.759655395935 -30.6891173364176
11160,153.049349706801 -30.9144642460192
11161,159.076805531427 -31.5525504226573
11162,152.693268509597 -31.6186292085599
11163,152.898719324318 -31.4788428563485
11164,152.860436839799 -31.4378932321749
11165,152.473873169628 -31.3664927581489
11166,152.76837928596 -31.4676513695356
11167,151.793234598921 -31.9055334221666
11168,152.544062020349 -31.9725681380472
11169,152.466964819413 -31.9093215294479
11170,152.255230130375 -31.7761170715877
11171,152.355727193881 -31.8581288703969
11172,147.01361367689 -36.059653871408
11173,146.9023387176 -36.0409917991906
11174,146.867345981458 -36.0617478729057
11175,147.183678713654 -35.7563191332156
11176,146.941556957293 -36.0317309642411
11177,144.707337984485 -34.152703510504
11178,142.041301297266 -34.1141797548963
11179,142.904151538879 -33.7833181454217
11180,146.35832630919 -35.9939949525468
11181,146.281419850245 -35.6431665264964
11182,144.973179175185 -35.5290892261445
11183,144.612929002939 -35.3076491550511
11184,144.775717638288 -36.0578770299866
11185,145.744459116693 -35.4542527266882
11186,151.667766249404 -30.5031477549666
11187,151.930942524213 -30.3366462080395
11188,151.394809776118 -30.5775114762652
11189,151.753207211069 -31.166403520372
11190,151.903050742937 -29.6450136654469
11191,151.110028963414 -29.762575672283
11192,151.116817843585 -29.4604785799902
11193,150.589852605424 -29.7443102511869
11194,152.086439026384 -28.9438606752507
11195,149.826538871254 -29.4610593058949
11196,149.70364813561 -29.2295385001755
11197,149.802826724445 -30.3531319010033
11198,149.522373714827 -30.3335879616165
11199,150.22302681521 -30.9844169698988
11200,150.17489099404 -30.9911590078063
11201,150.438038077911 -31.5504997573926
11202,150.955030315736 -31.155460734478
11203,150.961613262848 -31.092224420548
11204,150.860784612427 -31.0910401240162
11205,150.879414762014 -30.87680460343
11206,151.67837850037 -33.0189413819395
11207,151.653870425209 -33.0640544577613
11208,151.708007583171 -32.9757977889749
11209,151.659852264895 -32.9422951512952
11210,151.672114120421 -32.9901733307657
11211,151.709717678551 -33.0090282054452
11212,151.626399623249 -33.1301789910624
11213,151.64525794649 -33.0048078130776
11214,151.641043954634 -32.9632702562205
11215,151.600996714934 -32.9626810978708
11216,151.540573845413 -33.1094369022793
11217,151.614741480167 -32.9137462888081
11218,151.453441818843 -33.0827009575302
11219,151.55892415562 -33.0162868064046
11220,151.580777992978 -33.0532026776439
11221,151.55807223756 -32.9294493577535
11222,151.711746499651 -32.9441893931096
11223,151.660187722523 -32.8273895365516
11224,151.740753711714 -32.9243275877016
11225,151.704544988043 -32.9240423513911
11226,151.638020459996 -32.8754612053319
11227,151.730322298178 -32.8916013712624
11228,151.743439746172 -32.9472643501551
11229,151.774209112851 -32.9310455210906
11230,151.744519167196 -32.8694977523602
11231,151.695904095748 -32.8818623163653
11232,151.825432736925 -32.853916762801
11233,151.656049971411 -32.9032952379541
11234,151.717533326025 -32.9040264526266
11235,151.755071107781 -32.9128005656804
11236,153.554872699132 -28.8473797698355
11237,153.472015779909 -28.8600951559925
11238,153.500841075521 -28.6733856450413
11239,153.543473742789 -28.5474049099958
11240,153.600154140094 -28.6810383591776
11241,153.313773839035 -29.1392831534441
11242,153.583873024067 -28.7874461771539
11243,153.442877386131 -28.5479034510687
11244,153.040393896918 -28.844091335846
11245,152.84656154494 -28.929432094391
11246,153.33185156397 -28.822971262751
11247,152.879532472735 -28.5132409349486
11248,153.285991535942 -28.8195094492933
11249,153.269856759654 -28.7509115393178
11250,153.551996375288 -28.2582692977199
11251,153.398235559464 -28.3348798278003
11252,153.297169236232 -28.3787445511396
11253,153.508325685486 -28.4002858982292
11254,153.449532418337 -28.2168901058279
11255,153.504867506097 -28.2360467055545
11256,146.048474575586 -34.2813008385125
11257,145.681656489989 -33.9012763797493
11258,146.410591383054 -34.5384475164868
11259,146.51011286489 -34.75008757366
11260,148.125256195939 -36.0222027204549
11261,148.218194043072 -35.3173322989435
11262,148.357534841216 -35.4527150960152
11263,148.016524021697 -34.5995214006599
11264,148.144123188646 -35.0230133230706
11265,147.677924555428 -34.8143157752641
11266,147.379787683932 -34.3932437182761
11267,147.401076786858 -35.1498782609587
11268,147.407017602458 -35.0733736844515
11269,147.339744357806 -35.1536721743287
11270,147.308715780335 -35.1293781727929
11271,147.144441700333 -35.1471808914049
11272,150.578001327354 -34.759220653057
11273,150.722555163298 -34.9905651625574
11274,150.71039926494 -34.9022292303778
11275,150.239879820911 -35.0965672273878
11276,150.665581879435 -35.0661110101467
11277,150.577053277419 -34.8309388258095
11278,150.596527205374 -34.9062649567459
11279,150.612811375572 -35.1034200380287
11280,150.561641971461 -35.1465021401463
11281,150.512793489555 -34.9969393604228
11282,150.451156104539 -35.3433223797356
11283,150.353892198683 -35.3765696348377
11284,150.41941282021 -34.4866955383476
11285,150.492274802766 -34.3608495620757
11286,150.487150790306 -34.4590828557099
11287,150.372653423936 -34.5325689958255
11288,150.502615356211 -34.6139940812055
11289,150.24904893707 -34.4655309378103
11290,150.988005691877 -33.7599846025628
11291,150.964408366892 -33.742370837013
11292,150.999118615269 -33.7296873271395
11293,151.04166332905 -33.7220641785132
11294,150.998831166698 -33.7021118751425
11295,150.959819523737 -33.7127977810116
11296,151.030322721117 -33.7500189481111
11297,150.982326838183 -33.5465049977817
11298,151.078607497396 -33.5494760198952
11299,150.782887118851 -33.2708353970678
11300,150.748627169494 -33.527194998409
11301,150.880402301751 -33.6024380176831
11302,150.921087028199 -33.663023118157
11303,150.911550090995 -33.7568493603359
11304,150.889312296536 -33.7485997378428
11305,150.898781823295 -33.7817496751367
11306,150.872046414103 -33.7649465663774
11307,150.939094086565 -33.7617792728175
11308,150.925733316936 -33.7931175888486
11309,150.934764082208 -33.735684245473
11310,150.917797352805 -33.7103358449457
11311,150.893299860502 -33.7251378766486
11312,150.845782732972 -33.6920533689192
11313,150.818131729304 -33.7407186563595
11314,150.855803852656 -33.7441396233611
11315,150.837603812133 -33.7435218256836
11316,150.788083999292 -33.7318881906473
11317,150.81285464356 -33.7649740402501
11318,150.864402429424 -33.8090286277413
11319,150.843250983732 -33.7800315644194
11320,151.21524099848 -33.9558239989891
11321,151.200622550352 -33.9490912946894
11322,151.201270681569 -33.9294045145225
11323,151.222928336404 -33.9408252733785
11324,151.222503356754 -33.9721366225281
11325,151.178605299003 -33.9443301389544
11326,151.155552073937 -33.9112593862364
11327,151.161962382484 -33.8947278551939
11328,151.169385475382 -33.920347740254
11329,151.219439824048 -33.8779094044066
11330,151.191469927128 -33.9084794145842
11331,151.184771871354 -33.8792037449339
11332,151.182248982164 -33.8938002963503
11333,151.224078763345 -33.8701335583128
11334,151.195186860407 -33.8732210579565
11335,151.201631004561 -33.8922653439491
11336,151.211973663125 -33.8856189659073
11337,151.207973357546 -33.8681253213573
11338,151.206662006356 -33.9092511046225
11339,151.264863107122 -33.899932611242
11340,151.275268975461 -33.8869904493827
11341,151.250788652249 -33.8971809400363
11342,151.234258859623 -33.8983562150682
11343,151.249568410217 -33.8776140776544
11344,151.279744926908 -33.8710475387277
11345,151.224983031424 -33.8902475083753
11346,151.274137046282 -33.8599774493076
11347,151.243673939621 -33.8867899020207
11348,151.256193926591 -33.9218731979688
11349,151.224300028896 -33.9184686034521
11350,151.244015872934 -33.9726202712667
11351,151.244330160649 -33.9440232691903
11352,151.241090911485 -33.9154947406242
11353,151.031758172922 -33.9222014661851
11354,150.988234851943 -33.9011200187432
11355,151.043989797003 -33.8926652028333
11356,150.999988538998 -33.926698542984
11357,151.058435152821 -33.9043819632198
11358,151.032323140594 -33.95794958764
11359,150.993173258502 -33.9556477925681
11360,151.016220156849 -33.9520106428793
11361,151.020132726272 -33.9022076589066
11362,151.087966532598 -33.9132523082388
11363,151.105144479648 -33.9144862322646
11364,151.118069346326 -33.9281423623913
11365,151.072885461926 -33.9210169471828
11366,151.051816244635 -33.9310421328331
11367,151.075673580044 -33.9352552580171
11368,151.100783444037 -33.9595706903951
11369,151.073549662959 -33.9707613649975
11370,151.076622870945 -33.9488067425125
11371,151.085469958743 -33.9794096910511
11372,151.052159183097 -33.970982975748
11373,151.052427453087 -33.9487189001601
11374,151.105716498725 -33.9842463540672
11375,151.144942613266 -33.9367670006268
11376,151.120836993686 -33.955540537536
11377,151.110348336631 -33.9417917391984
11378,151.137485785153 -33.9682941604789
11379,151.123902428833 -33.9766991118249
11380,151.152810208294 -33.9614248930071
11381,151.141329708534 -33.9511243509648
11382,151.137043189994 -33.9922825856032
11383,151.105810189021 -33.8543534224731
11384,151.089086266034 -33.8436301545143
11385,151.148525990903 -33.8556537668268
11386,151.12931767097 -33.8609422785405
11387,151.181299456017 -33.8559375660078
11388,151.161090053488 -33.8813433934451
11389,151.166943260897 -33.8674405030284
11390,151.126373381068 -33.8897364318668
11391,151.109352907062 -33.8781430234378
11392,151.122404507034 -33.9064409347005
11393,151.102864060537 -33.8945697674289
11394,151.141181421415 -33.9019959183909
11395,151.139282947489 -33.8824252090369
11396,151.075198931856 -33.8629294016312
11397,151.080351859386 -33.8833109187645
11398,151.188158767766 -33.7978524601138
11399,151.165490638954 -33.8012030393626
11400,151.166866938726 -33.8217164263341
11401,151.194113164257 -33.8178567412715
11402,151.212295812139 -33.7996984855684
11403,151.120997102404 -33.659852086786
11404,151.177078908121 -33.5834250124002
11405,151.098590942834 -33.7002486889642
11406,151.081602274576 -33.7191166528397
11407,151.162647201049 -33.760553374158
11408,151.175967538455 -33.7777322347364
11409,151.136641561594 -33.7516069393707
11410,151.170788534937 -33.720871962801
11411,151.139556209158 -33.7107212135726
11412,151.120723907146 -33.7163466923922
11413,151.222206084829 -33.8267114736194
11414,151.199626504365 -33.8319112534329
11415,151.244635091237 -33.8290817171039
11416,151.217713917222 -33.8390161364915
11417,151.20711320787 -33.839121921106
11418,151.253808073723 -33.7978092287765
11419,151.288263789294 -33.803061411724
11420,151.326227189258 -33.6187435175622
11421,151.266355943831 -33.6331155467006
11422,151.316248340398 -33.6521322970378
11423,151.297940594476 -33.6862644031684
11424,151.264486058272 -33.7513939923788
11425,151.267462104814 -33.7317358249431
11426,151.289580034922 -33.7557045115554
11427,151.215795740861 -33.7665071422276
11428,151.219079571157 -33.7323718216309
11429,151.278331859708 -33.770996543636
11430,151.25123379401 -33.7736089494864
11431,151.293811559625 -33.7293517117742
11432,151.212234962862 -33.6695860853643
11433,150.682131965579 -34.0654595488546
11434,150.724957639034 -34.0381247411212
11435,150.753093150165 -34.0591421234486
11436,150.822058311285 -34.1268460160408
11437,150.808320133518 -34.0648820027309
11438,150.806519042938 -34.0245520340752
11439,150.900116810012 -34.1010665208851
11440,150.850178179342 -33.990100719831
11441,150.860832234537 -34.0539385646749
11442,150.893832553765 -33.9854924917682
11443,150.844555757305 -34.0280681171849
11444,150.774464311941 -34.1203804708929
11445,150.599388204202 -34.2725335010178
11446,150.729539946828 -34.1814938320116
11447,150.544097473993 -34.1934508766268
11448,150.550460166021 -34.0579617918809
11449,150.245518419002 -33.6738477916687
11450,150.620902798898 -33.7421032042275
11451,150.445208579637 -33.6024932794746
11452,150.309323520903 -33.7026760269773
11453,150.462246309097 -33.7240518454567
11454,150.59478813779 -33.6903570130232
11455,150.379730912918 -33.7216813689402
11456,150.287917759893 -33.9934803779716
11457,150.733535525377 -33.746130549237
11458,150.706681808258 -33.7005217638295
11459,150.658486861383 -33.7462098790773
11460,150.677384057809 -33.786425568661
11461,150.689170406244 -33.7710565999853
11462,150.740254207445 -33.7659117361123
11463,150.690204640001 -33.8375799479753
11464,150.69712023209 -33.7478373837173
11465,150.598901731967 -33.9182192200734
11466,150.749279093845 -33.5899218460562
11467,150.80851171388 -33.6356941641083
11468,150.726795252727 -33.6518419370825
11469,150.797730460045 -33.8130086386606
11470,150.784700001627 -33.79728071525
11471,150.780713975075 -33.7649886875619
11472,151.02572910182 -33.8547905322287
11473,151.061857104158 -33.8382377605087
11474,151.040014523127 -33.8691236762402
11475,151.055686950891 -33.874208673867
11476,151.047100780006 -33.7737484443807
11477,151.050307256588 -33.8110336969419
11478,151.03953930796 -33.7944127284118
11479,150.998247998014 -33.88201737802
11480,150.972865945412 -33.87446827653
11481,151.007438972903 -33.8379726446184
11482,150.937455901361 -33.8240520985606
11483,151.002055944157 -33.8593487092913
11484,150.969953296765 -33.8454830714168
11485,150.980067380195 -33.8306766238706
11486,150.944023275819 -33.8430818383521
11487,150.966493576752 -33.8600972519312
11488,150.961536843566 -33.8084282344945
11489,151.012010174548 -33.799037331594
11490,151.01717604765 -33.7722330325387
11491,150.993914647264 -33.7900305818447
11492,151.017190289512 -33.8215422693389
11493,150.967264771922 -33.7918843066253
11494,150.978761013639 -33.7764128931139
11495,151.081510751979 -33.7689723327823
11496,151.068492278017 -33.7443338990965
11497,151.085613601966 -33.7919848780918
11498,151.128144760059 -33.8303823219128
11499,151.148954781239 -33.8318282302129
11500,151.118821544087 -33.7786378683602
11501,151.131278921192 -33.7988614210446
11502,151.111176967314 -33.8130952035412
11503,151.08368443704 -33.8095693557709
11504,150.887470124239 -33.9150055435836
11505,150.740460391805 -33.9153542998223
11506,150.728668304182 -33.9831509617341
11507,150.857674494809 -33.9028267974188
11508,150.839463151595 -33.9322975537693
11509,150.881129292562 -33.8925781377372
11510,150.872099788313 -33.8661675336666
11511,150.946065177509 -33.8988818541121
11512,150.907728806734 -33.8993596008918
11513,150.936264968445 -33.8844392668965
11514,150.877779502144 -33.8797050060631
11515,150.951894141933 -33.8711213818862
11516,150.929658266023 -33.8681735080788
11517,150.899703000998 -33.8679439320982
11518,150.820357285503 -33.8486702554535
11519,150.925520568826 -33.8533287733497
11520,150.905403323491 -33.8790355918658
11521,150.898619963482 -33.8404413786239
11522,150.899489094441 -33.9522156435178
11523,150.95307346866 -33.9272154235723
11524,150.944042246344 -33.9914541889765
11525,150.924799987359 -33.9189550141006
11526,150.872364860074 -33.945219417737
11527,151.122131558903 -34.0483613382831
11528,151.179786325104 -34.0341657749717
11529,151.08492077065 -34.0455485505611
11530,151.103411654007 -34.0358657943184
11531,151.107170541609 -34.0154372761726
11532,151.022594485225 -34.0493033629792
11533,150.980626929678 -34.1064864667202
11534,151.033805809828 -33.9948073161159
11535,151.0011937734 -34.0222823945538
11536,151.070346967456 -34.0103254459324
11537,151.067643978311 -34.1114328008512
11538,151.063922223905 -34.0319642565675
19799,
19499,
21001,143.749324078521 -37.5417496087471
21002,143.836658249556 -37.556151747265
21003,143.899482245504 -37.5271601337914
21004,143.862030344937 -37.5933050336941
21005,143.880770350018 -37.6438672069032
21006,143.778471715326 -37.5822417672547
21007,143.746227029789 -37.6202623367444
21008,143.802549511988 -37.4975675014348
21009,144.309708544918 -37.6303310074851
21010,143.835427773427 -37.3541711424227
21011,144.185809311609 -37.3177786624749
21012,144.039359599794 -37.6473411644381
21013,143.374053234661 -37.1089444474581
21014,143.393269206482 -37.495983061367
21015,143.626556475356 -37.77561948729
21016,143.744057535547 -37.0474808220062
21017,143.707098499761 -36.9813494032491
21018,144.270229554144 -36.7484652475676
21019,144.260733735185 -36.7067397044707
21020,144.31556288199 -36.752336882414
21021,144.287124386073 -36.7916320458471
21022,144.242654880338 -36.806416645254
21023,144.207890219942 -36.7538910987498
21024,144.358946189288 -36.7888313915376
21025,144.321751699364 -36.6762495785953
21026,144.245857631813 -36.8433068201586
21027,144.236917254124 -37.083472993613
21028,144.18983623573 -37.0468031123898
21029,144.647715951259 -36.8607740300745
21030,144.505038510629 -37.221429360204
21031,144.517306021088 -37.356327965642
21032,144.367842436544 -36.5623568004338
21033,143.856503933419 -36.3401059617112
21034,144.178664132554 -38.0697676698799
21035,143.939541838925 -37.9420934515083
21036,144.042713152926 -38.2554578225165
21037,144.34212721522 -38.1785745921411
21038,144.32554763742 -38.0537396115138
21039,144.369681475708 -38.1639873638456
21040,144.301967075148 -38.1264739829648
21041,144.319014399766 -38.2199433107548
21042,144.286028176677 -38.1777409960852
21043,144.378069373214 -37.9477931465092
21044,144.468893896519 -38.1928150634034
21045,144.41751692507 -38.1797366147235
21046,144.335071345893 -38.1539083067815
21047,144.321372597445 -38.1021501930471
21048,144.576016666662 -38.1739438239722
21049,144.019586143417 -38.441922162201
21050,144.468100470994 -38.2483791495585
21051,144.665827892425 -38.1533388524234
21052,144.616684992568 -38.2343300080301
21053,144.280676484614 -38.3202346319852
21054,145.794606069574 -37.3187106198798
21055,145.597583985088 -36.7326994566973
21056,144.983272622006 -37.2463572097867
21057,146.20805810758 -37.1970514099678
21058,145.155572539561 -36.8202920776813
21059,145.162142738248 -37.0160224865904
21060,144.95837705076 -37.0459262228963
21061,145.976082555048 -37.6512932693834
21062,145.432488837857 -37.2610576896073
21063,145.996767510853 -36.5789077493828
21064,146.016584342863 -36.5815092918264
21065,146.42634442756 -36.0660198158071
21066,146.309651758937 -36.3589038782944
21067,146.430271904602 -36.5918971911486
21068,146.714709139539 -36.3422064205891
21069,146.996839433515 -36.8960104133367
21070,146.649293016208 -36.1563977985169
21071,146.810698886831 -36.5526529898891
21072,147.599309388769 -36.3545678574384
21073,146.790886890215 -36.1172981531721
21074,146.933211946777 -36.1688996557804
21075,146.997818550631 -36.3298560017119
21076,145.801936168453 -38.1354364266066
21077,146.186249803773 -37.8894145160345
21078,146.126822996041 -38.2239195258412
21079,145.939939594805 -38.2140537278425
21080,148.035916778392 -36.994267669775
21081,147.613983865549 -37.829163748063
21082,147.583023438841 -37.3200816219618
21083,147.763597163484 -37.8830672535737
21084,147.928071398654 -37.8397820557433
21085,148.773942974635 -37.4444920659802
21086,147.560392161857 -37.9608679168332
21087,146.111848131319 -38.6789611934335
21088,145.364899005484 -38.3500136931893
21089,145.768801841976 -38.398404955861
21090,146.044060105505 -38.451130749336
21091,145.240792647362 -38.4906671222057
21092,146.367732710933 -38.9602216991484
21093,145.598407150294 -38.5163566096819
21094,146.417660817678 -38.358853431154
21095,146.295915588971 -38.196613362834
21096,146.421108221487 -38.207680375372
21097,146.588948683227 -38.1943892988056
21098,146.502713240469 -38.0845644167031
21099,146.847835603432 -37.4482599502014
21100,147.25275962631 -38.1437397660288
21101,146.867082746426 -37.8423898649363
21102,146.783634425794 -38.1566069379248
21103,147.056269555997 -38.1046561331448
21104,146.751632434461 -38.4942700969675
21105,144.961266774255 -37.7664415159311
21106,144.977667639244 -37.7689034224926
21107,144.9425361725 -37.7633186249886
21108,144.964201500591 -37.7448746607945
21109,144.938463908108 -37.7434461971582
21110,145.02467462002 -37.7744637830668
21111,145.000149625161 -37.7722237092078
21112,145.00638397461 -37.75816446953
21113,144.913679734738 -37.776975937461
21114,144.907580770884 -37.7506228430032
21115,144.930901986967 -37.7838277048196
21116,144.921429186287 -37.7656258068378
21117,144.967798453298 -37.8005133914862
21118,144.940342865261 -37.8180857929408
21119,144.98147796696 -37.8171547529801
21120,144.912576974525 -37.7879992794753
21121,144.927067903419 -37.7943317789189
21122,144.962564177958 -37.8136247734208
21123,144.94629802082 -37.8011873794413
21124,144.951533270965 -37.7871047889437
21125,144.981871638832 -37.8394422221001
21126,144.967503037038 -37.826351752027
21127,144.92158679716 -37.809462280406
21128,144.964048274309 -37.8456369784724
21129,144.985534447173 -37.8809220934016
21130,144.935100489688 -37.83806654427
21131,144.916979981656 -37.8311629110077
21132,144.957172240163 -37.8333805627403
21133,144.980159027014 -37.8624009008837
21134,144.998182196974 -37.867081124869
21135,145.020704847968 -37.8567600985497
21136,144.998051694071 -37.8528498627826
21137,144.995636986699 -37.8399207978476
21138,145.017608770696 -37.8416171137237
21139,144.99976172964 -37.8045980005844
21140,144.968126503918 -37.7857116682764
21141,144.988135734469 -37.8020913825344
21142,144.97913342279 -37.8010439873804
21143,144.984302070058 -37.7840779306288
21144,145.004045909057 -37.8229066462947
21145,145.012960179135 -37.7898397493856
21146,145.080639226692 -37.8673470564472
21147,145.080556768607 -37.8098055133566
21148,145.083894018709 -37.791890368479
21149,145.074016702736 -37.8384417912322
21150,145.071939105222 -37.8547245471541
21151,145.031571693322 -37.8244073049136
21152,145.049904371001 -37.8312847520407
21153,145.033252550103 -37.8034533059537
21154,145.052385459672 -37.7905678111442
21155,145.084032452482 -37.8245001764516
21156,145.087179936973 -37.7688847587503
21157,145.123852645286 -37.7848282412475
21158,145.163891857884 -37.7788625703179
21159,145.148632981613 -37.754047391628
21160,145.112272610928 -37.7638677650361
21161,145.152907316049 -37.8165583168808
21162,145.14653989083 -37.8393577730602
21163,145.124741104402 -37.8290380114887
21164,145.122691506014 -37.8046925713611
21165,145.112944669957 -37.8480645175178
21166,145.150415699508 -37.8535858660731
21167,145.106895236978 -37.8242948679638
21168,145.037750295914 -37.9808033190904
21169,144.99581679986 -37.9081891082235
21170,145.016305215246 -37.9171495340449
21171,145.037963685624 -37.9574461629678
21172,145.014247972266 -37.9376610955237
21173,145.017105091132 -37.9608521017783
21174,145.037971486081 -37.9194771104946
21175,145.066689399883 -37.9221102616934
21176,145.055897685666 -37.893390634465
21177,145.022903884701 -37.8738801757342
21178,145.025361885784 -37.8913803341726
21179,145.007199505193 -37.8869624140023
21180,145.081135887674 -37.8994802955425
21181,145.070367925567 -37.8968376862912
21182,145.041422514135 -37.9003672035508
21183,145.123075303457 -38.0190995948772
21184,145.12223240281 -37.9980203378576
21185,145.139193777706 -38.0713065646404
21186,145.124612063227 -38.0565967043151
21187,145.134237735707 -38.04084322883
21188,145.066079645176 -37.9611791989258
21189,145.107478124711 -38.0282303714104
21190,145.069048553395 -37.9816445204453
21191,145.079325208486 -37.9503449753586
21192,145.099518069665 -37.9774565133625
21193,145.089443651462 -37.996004690376
21194,145.04226755072 -37.8564121239153
21195,145.065847308801 -37.8768359903387
21196,145.068331595318 -37.6988148927902
21197,145.113895538775 -37.7001016430129
21198,145.069654505932 -37.74571303836
21199,145.04640687026 -37.7429917740348
21200,145.04307847857 -37.7690333715017
21201,145.062793536564 -37.7685706753077
21202,145.119688804235 -37.7288576611329
21203,145.088240804479 -37.7312235341923
21204,145.084146861255 -37.704906277704
21205,145.0490430223 -37.7145616414967
21206,145.00782219531 -37.7418710071999
21207,145.021585461465 -37.7149915779224
21208,144.993954840434 -37.7098548515302
21209,145.156819431337 -37.7147092503534
21210,145.194336897545 -37.6375802237251
21211,145.408292811154 -37.491063374064
21212,145.264760135603 -37.5958652599541
21213,145.12384442487 -37.6535220376745
21214,145.220616328461 -37.6990063263111
21215,145.167302856948 -37.6677414091122
21216,145.071194909111 -37.6828243873875
21217,145.052578472407 -37.6929165644429
21218,145.007587828431 -37.6076267872863
21219,145.00392833339 -37.6629038227282
21220,145.067711395438 -37.6595201673938
21221,145.059245300844 -37.6714004316086
21222,145.092920270996 -37.6073197428932
21223,145.008275044233 -37.6838545841913
21224,145.071556999701 -37.3848213136326
21225,145.101952899397 -37.4979254368401
21226,144.881299359791 -37.7238215070806
21227,144.900408980171 -37.7269074135479
21228,144.844457564607 -37.7189458793312
21229,144.864371580102 -37.7518041296811
21230,144.884892814158 -37.7449968984661
21231,144.913672638583 -37.7299281436606
21232,144.555199374694 -37.4954867160397
21233,144.573254321021 -37.4119328951679
21234,144.677704288588 -37.4382571402788
21235,144.763506909784 -37.3500030025499
21236,144.967455693147 -37.7269908198052
21237,144.969606234376 -37.7052348606993
21238,144.929281628059 -37.7045100168995
21239,144.931820093504 -37.7228760869411
21240,144.767576850667 -37.539438985652
21241,144.697003090884 -37.5928229179134
21242,144.929322239378 -37.6840825031346
21243,144.95184408601 -37.663919817163
21244,144.910432982194 -37.5577633642054
21245,144.890798165926 -37.6762714027483
21246,144.83529712882 -37.6236597412127
21247,144.918554632959 -37.6511652213493
21248,144.836518525972 -37.6764223477074
21249,144.936271701592 -37.6294271927032
21250,144.877231852882 -37.696140548216
21251,145.264765141819 -37.8454424012786
21252,145.297884474892 -37.8560876703657
21253,145.284478368502 -37.8861657989121
21254,145.230368457089 -37.8971967400227
21255,145.290808389843 -37.9269677285236
21256,145.243169461961 -37.9193831286168
21257,145.260860093956 -37.907141209052
21258,145.238977288599 -37.9354531064268
21259,145.225975132659 -37.8523234055512
21260,145.220905347602 -37.8736556326548
21261,145.20305239412 -37.7845699096538
21262,145.242878213155 -37.7430917039898
21263,145.292890998444 -37.8284794180981
21264,145.284421918253 -37.798635810771
21265,145.268723658076 -37.7729529462703
21266,145.233380352436 -37.8114120811401
21267,145.248677209664 -37.8214899042668
21268,145.230686544246 -37.7946504068032
21269,145.17104800953 -37.8398696401906
21270,145.199007499937 -37.8181772277477
21271,145.176530692053 -37.81736214526
21272,145.199291178847 -37.8384323106799
21273,145.187816672363 -37.8543868353112
21274,145.355159812315 -37.9387221956947
21275,145.314314682521 -37.738602236959
21276,145.496183790373 -37.6261350272812
21277,145.320339747521 -37.8154275686918
21278,145.388826570581 -37.713798764866
21279,145.458728263934 -37.8640820966708
21280,145.34794730844 -37.8111357899254
21281,145.32567177796 -37.7813384071837
21282,145.375679962324 -37.8618409867079
21283,145.388211048059 -37.7872915563512
21284,145.330731065906 -37.9042492547281
21285,145.463962938929 -37.760639443515
21286,145.680130664487 -37.7677986498951
21287,145.403100016867 -38.0468981444703
21288,145.644849377637 -38.0796987859335
21289,145.561150047444 -37.9532636162404
21290,145.553271178971 -38.2090212900883
21291,145.478228135792 -38.0452232455082
21292,145.489656995351 -38.0942716852805
21293,145.348812161393 -38.0251460100504
21294,145.347909683736 -38.0611765368046
21295,145.240186091204 -37.9906248119961
21296,145.258803726069 -37.9661326372028
21297,145.268499777228 -38.0077498608398
21298,145.305918642847 -38.0180118949998
21299,145.330338945726 -37.986271748975
21300,145.275709147261 -38.1068959169653
21301,145.342222420076 -38.1044437479311
21302,145.298842795504 -38.0774941009154
21303,145.312921340064 -38.1514475078121
21304,145.248402442285 -38.1018481931535
21305,145.268601162521 -38.0385987949765
21306,145.253148609392 -38.0619912418487
21307,145.301875493583 -38.0543737327467
21308,145.311565733775 -38.20445343809
21309,145.099050111297 -37.938563812605
21310,145.125214326954 -37.9430611536639
21311,145.209735035266 -38.030402468064
21312,145.214314374778 -37.955829804674
21313,145.127132023225 -37.9749040215557
21314,145.163915838264 -38.0145370475967
21315,145.176703066144 -37.9695318893817
21316,145.190828694712 -37.9512501827198
21317,145.157855645109 -37.9456955331773
21318,145.147861826868 -37.9708445719992
21319,145.101451394238 -37.872428715428
21320,145.132179558739 -37.9159414418834
21321,145.17831910769 -37.8815267757835
21322,145.156069994439 -37.8817019544212
21323,145.130233314054 -37.8664606461137
21324,145.127203127089 -37.8872641702807
21325,145.175882200679 -37.9256842605219
21326,145.101207603131 -37.9084831590003
21327,145.186882791646 -37.9075862759668
21328,144.809600565386 -37.7761502483217
21329,144.787805881061 -37.7593128513452
21330,144.774234244443 -37.7873883333319
21331,144.777319891187 -37.7198031543847
21332,144.812909378677 -37.7262884261976
21333,144.770506451115 -37.7390306343981
21334,144.802389199973 -37.7371644430322
21335,144.807633527482 -37.753355632748
21336,144.834251604552 -37.7893218502005
21337,144.836188717539 -37.7639291131468
21338,144.818275132326 -37.8020080821766
21339,144.7642427744 -37.6997965312754
21340,144.785972479584 -37.6885113552192
21341,144.815007218664 -37.8603070135415
21342,144.784434001678 -37.8809914076465
21343,144.836089111586 -37.8357238593396
21344,144.882221651269 -37.8376280746088
21345,144.758655945009 -37.8809207745817
21346,144.884790234715 -37.8591281458354
21347,144.862985921276 -37.7846899207644
21348,144.897319056108 -37.798129364626
21349,144.887761401052 -37.7726910684011
21350,144.886341712916 -37.8076671963134
21351,144.86450660452 -37.8020278677191
21352,144.881971735599 -37.8179761533529
21353,144.454595034159 -37.637934582668
21354,144.74399771691 -37.7400580716432
21355,144.696720309521 -37.6873572530253
21356,144.593775928904 -37.6214940610753
21357,144.547634636257 -37.7401380178367
21358,144.542604125537 -37.6648716227552
21359,144.667237875407 -37.7603985180504
21360,144.749012824315 -37.7145698234302
21361,144.701511252688 -37.8624317444938
21362,144.685361508025 -37.8732784782709
21363,144.778039106045 -37.8395384264528
21364,144.753279062548 -37.9064597092374
21365,144.646570596234 -37.8266167244011
21366,144.734547120851 -37.8326484719653
21367,144.554977027681 -37.9176841061006
21368,144.652875295156 -37.9513593441664
21369,144.541005605392 -37.8414955193983
21370,145.175794237659 -38.0927778966046
21371,145.139648987434 -38.1541113110543
21372,145.158040892748 -38.1336081494385
21373,145.129465323794 -38.1764492882824
21374,145.195927493004 -38.162622356077
21375,145.138446637514 -38.1048207172879
21376,145.215078733876 -38.1013751426116
21377,144.99911708597 -38.3358558380339
21378,145.000041935376 -38.3980294160491
21379,145.16465081046 -38.3457907781066
21380,145.0602813122 -38.230431692285
21381,145.092891771877 -38.1950758525374
21382,145.030733700515 -38.2754437429521
21383,144.79662935229 -38.3786027580366
21384,144.907463728667 -38.3690214731914
21385,145.163894412128 -38.2411442096196
21386,142.975609634635 -37.2624514983084
21387,142.834452706272 -37.4901980029689
21388,142.214493767086 -36.7317621126739
21389,142.08907162276 -36.8219218961552
21390,141.575772215234 -36.0981304401598
21391,143.126583785914 -36.6753356589398
21392,142.696027528719 -37.0215341881573
21393,141.343170416192 -36.95297077707
21394,142.423051857684 -35.989241097624
21395,142.180961599279 -34.2416697658006
21396,142.036211744673 -34.1814345966893
21397,142.125698577503 -34.2075093305169
21398,141.671450216048 -34.8833502192233
21399,142.226997005454 -34.3367353146664
21400,143.006183929864 -35.9097451899207
21401,143.802582138274 -35.7514761373968
21402,143.94549648905 -35.7246121731254
21403,142.766934480715 -34.6521285649828
21404,143.511779615279 -35.362182530887
21405,143.127704359534 -35.126876588764
21406,144.772128318613 -36.1637751535529
21407,144.978177638558 -36.2555559993054
21408,144.470403164188 -36.1745790006623
21409,144.73666205117 -36.334835453918
21410,144.843101067742 -36.5790007316393
21411,145.668356739401 -35.9443963769931
21412,145.895983237112 -36.147264679985
21413,145.301602709986 -36.0143111180447
21414,146.002741528701 -36.0375372404325
21415,145.34611476363 -36.3988120034829
21416,145.401371338757 -36.3428324753735
21417,145.432509334283 -36.4304530113021
21418,145.539912191918 -36.3734661719713
21419,145.212782167325 -36.4230681447806
21420,141.382867817481 -37.8663260334348
21421,142.017613021727 -37.7458417302099
21422,141.584123059115 -38.3402529142356
21423,142.028995429502 -37.536541540529
21424,143.159210903127 -38.2286021467944
21425,143.578546582997 -38.3588349693856
21426,143.636276622127 -38.2980202308865
21427,143.260482655158 -38.0220642486616
21428,143.106481090108 -38.4633438398538
21429,142.710978802969 -38.0948486656241
21430,142.148445013328 -38.1565311102609
21431,143.553897284463 -38.6420988874377
21432,142.495764043398 -38.344649333284
21433,142.574248294826 -38.389875889399
29799,
29499,
31001,153.229161985504 -27.5322882937118
31002,153.158533717047 -27.5071492950972
31003,153.210760277473 -27.4996970759343
31004,153.202947592343 -27.5430955111437
31005,153.201008993526 -27.4845848826088
31006,153.241491967734 -27.4948109118071
31007,153.267530803108 -27.5329827097286
31008,153.25517091905 -27.5102178704495
31009,153.290807765661 -27.6478958349236
31010,153.429024050885 -27.4139869933913
31011,153.216875620032 -27.6076960283809
31012,153.260817342517 -27.5675702705359
31013,153.286783307395 -27.5871227233705
31014,153.197797826138 -27.3811273708352
31015,153.185241390767 -27.4628018818572
31016,153.166040785402 -27.4675808302808
31017,153.10822521619 -27.454159554385
31018,153.127040566768 -27.4735982976056
31019,153.155889118358 -27.4830014042822
31020,153.167108841291 -27.4403996481053
31021,153.141001778395 -27.4498205323228
31022,153.019531843923 -27.3074686556118
31023,152.994353011575 -27.3520784521336
31024,153.01549075202 -27.3474674760533
31025,152.987376690912 -27.4007589184474
31026,152.991757372031 -27.3824287840924
31027,153.018447810019 -27.3669258398932
31028,153.03209130288 -27.385373912448
31029,153.012503605148 -27.3832109715688
31030,153.047387329454 -27.3725442782804
31031,153.030479632526 -27.4061368285428
31032,153.01022798304 -27.4094414255519
31033,153.009204670357 -27.3968709912212
31034,153.047573988927 -27.3921915940545
31035,153.069757064958 -27.3487557020092
31036,153.117553041305 -27.3921735407689
31037,153.096474164013 -27.4348357215365
31038,153.067785991916 -27.3838602614167
31039,153.0890423572 -27.3672590427358
31040,153.062041933218 -27.40250749687
31041,153.033939047063 -27.3196546391638
31042,153.05529110023 -27.2964742172937
31043,153.059454666287 -27.3277909465684
31044,153.068284323962 -27.3203433483057
31045,153.038797209212 -27.3406103891683
31046,153.038931530001 -27.3584295307899
31047,153.078001565653 -27.4963074052326
31048,153.094746696584 -27.4723716604068
31049,153.098790819844 -27.4875561919881
31050,153.091260047524 -27.507210938249
31051,153.113233275456 -27.5105832258326
31052,153.032477077066 -27.5122786935867
31053,153.061519365585 -27.498899025841
31054,153.024684584615 -27.5021051988095
31055,153.047718000509 -27.5071158176938
31056,153.07010782563 -27.5184911970776
31057,153.060458378721 -27.5262474177315
31058,153.036601959735 -27.4930717887388
31059,153.010638131302 -27.521311638932
31060,153.092109706325 -27.5793358920178
31061,153.073190929243 -27.5653905849023
31062,153.105138678521 -27.5348110004716
31063,153.080509648476 -27.5335990192624
31064,153.146330866564 -27.5637371209923
31065,153.081435435875 -27.553433800478
31066,153.101072954592 -27.5544759754181
31067,153.036470620572 -27.5656554017857
31068,153.024604829386 -27.5343595714137
31069,153.057403986242 -27.5653745214317
31070,153.04422248871 -27.5488885586584
31071,153.045593422922 -27.5270812707748
31072,153.03239491472 -27.6127911309439
31073,153.067305312704 -27.6282659480922
31074,153.003268838157 -27.6215644289779
31075,153.038724061598 -27.6444943927893
31076,153.012241256812 -27.5678771630884
31077,153.093672174361 -27.6068266619067
31078,153.076771440702 -27.5982560213563
31079,153.059555266696 -27.5785078568505
31080,153.052135312694 -27.5959639636595
31081,152.935015513648 -27.5400438765804
31082,152.927312843269 -27.5561239554713
31083,152.909621237004 -27.5619515758171
31084,152.952074263414 -27.545769468855
31085,152.912758836205 -27.5486227336678
31086,152.878862146151 -27.5724068346787
31087,152.875561759373 -27.4769453328637
31088,152.948378574994 -27.49888447002
31089,152.961899458335 -27.5278447883303
31090,152.937738057338 -27.5168757235834
31091,152.87840508907 -27.5251137428993
31092,152.978815124203 -27.5177781171481
31093,152.983749470058 -27.5432623565378
31094,152.979863356068 -27.5063446053783
31095,152.981168485076 -27.5305300188505
31096,153.004924417811 -27.4980737775279
31097,152.981948843716 -27.493497205533
31098,152.975395613098 -27.4271462850331
31099,152.87049818052 -27.4334697301071
31100,152.952214213341 -27.4144702531925
31101,152.970449607453 -27.412097497915
31102,152.948528770893 -27.474904036287
31103,152.941254173348 -27.4459043153666
31104,152.920595419713 -27.4143341366634
31105,153.02272205942 -27.4681196334362
31106,153.035327176432 -27.4562727076963
31107,153.01748513231 -27.4875369052765
31108,153.036699560822 -27.4767949006926
31109,153.045656712214 -27.4664264977762
31110,153.019939115259 -27.4791590459653
31111,153.024601255172 -27.4594622966027
31112,153.005987158894 -27.4833958931952
31113,153.067553345669 -27.4561490756113
31114,153.059271246898 -27.4485865081103
31115,153.047013061749 -27.4841201881446
31116,153.059230817784 -27.4639649050076
31117,153.07635848534 -27.4668708919588
31118,153.062961892584 -27.4801462001121
31119,153.044469050277 -27.4325554417745
31120,153.001017914849 -27.4255268914856
31121,153.06608868496 -27.4298659741247
31122,153.054440004109 -27.4191495390773
31123,153.015269501607 -27.4225144416758
31124,153.061839290849 -27.4365888645824
31125,153.070254815491 -27.4177481740334
31126,153.016898734395 -27.4488594537107
31127,153.007815383976 -27.4352924375942
31128,153.040588771502 -27.4479071075797
31129,153.018626412723 -27.4347409372042
31130,153.030182764504 -27.4342271194699
31131,153.040630110609 -27.4171097736105
31132,152.98190570789 -27.4442885826288
31133,152.995108795452 -27.4738413640154
31134,152.979204685884 -27.4609951534179
31135,152.999678888618 -27.4630194388757
31136,153.002083457811 -27.4524714143886
31137,152.984029147019 -27.4814678625088
31138,145.715535288757 -16.89920638045
31139,145.660993762766 -16.7737607577805
31140,145.746473980016 -16.8784484877291
31141,145.691163908579 -16.8947189526073
31142,145.692971582862 -16.8151053862499
31143,145.726212914149 -16.8382313815758
31144,145.722091111168 -17.0082774551697
31145,145.765850665063 -16.9145806956395
31146,145.728405072332 -16.9554511168572
31147,145.740743221982 -17.0174422624235
31148,145.787388213922 -17.059246289645
31149,145.726613570262 -16.929961879347
31150,145.681272953543 -17.0527836555668
31151,145.73665347851 -16.9170582948424
31152,145.749202313471 -16.917206930844
31153,145.732186259748 -16.9888602457174
31154,145.762512496397 -16.941170367536
31155,145.757779156781 -16.9785318529835
31156,145.736094762226 -16.9000030825658
31157,145.745837489029 -16.9592458679347
31158,145.939941352166 -17.3499561952673
31159,146.031814963578 -17.52168404779
31160,145.931352807333 -17.6904913715436
31161,145.925903697314 -18.1198032500526
31162,145.800688986934 -17.3806655149784
31163,145.897161696348 -16.9945382814256
31164,145.269625991164 -16.191976254827
31165,145.48431242731 -16.5846616748357
31166,145.463695222185 -17.2159081386931
31167,145.277835588206 -18.0350234516716
31168,145.56564955375 -16.8327082437036
31169,145.613214150724 -17.3678689381049
31170,145.496206073945 -17.0379712372771
31171,148.115826531142 -28.315880231102
31172,150.688851161166 -26.3707436438634
31173,150.357207555887 -28.3979513368867
31174,150.332884538201 -28.3975310040422
31175,149.919563154228 -26.4034912937622
31176,148.803999211589 -26.5631739283513
31177,148.286678053069 -26.544261412336
31178,150.168921198519 -27.5039928409775
31179,151.895467838063 -27.1357234560252
31180,151.488336362117 -27.4298136421883
31181,151.120692093135 -27.8537240951518
31182,151.581656860108 -27.7145597092322
31183,151.173072005807 -27.0331660195167
31184,151.913254459375 -27.86710888858
31185,152.230765499402 -28.2245164434368
31186,151.821822996452 -28.1804882256533
31187,151.937656729684 -28.6598939566787
31188,151.723119850472 -28.7394199234989
31189,152.005821395823 -28.2324502965248
31190,149.328296438817 -23.924196536023
31191,148.01777254274 -24.0791821875977
31192,148.162733437812 -23.5356218347743
31193,151.704918080914 -24.3947197082603
31194,149.93837637399 -24.9355129559577
31195,150.516909419881 -24.3981843757463
31196,151.361061909972 -23.9736550399334
31197,151.203702673202 -23.8402238513161
31198,151.222963416754 -23.8868217254348
31199,151.260735672552 -23.8519436695241
31200,151.074246061951 -24.0586005119127
31201,151.250676356169 -23.8764117094618
31202,151.293358943426 -23.8828921293273
31203,151.268571616132 -23.9124237553349
31204,151.246433311154 -23.8582033891879
31205,150.530776012751 -23.3734639562375
31206,150.623922891683 -23.6285540867358
31207,150.797493314686 -23.2589049437197
31208,150.573983724504 -23.3304176849017
31209,150.458217193992 -23.2316119853569
31210,150.412017392093 -23.4878647863352
31211,150.565112193701 -23.368626565342
31212,150.394698879818 -23.7207317051197
31213,150.553867900569 -23.3020721400333
31214,150.511932013903 -23.3576977675153
31215,150.505114468141 -23.3139467239815
31216,150.470950122896 -23.3978466584559
31217,150.537959869783 -23.4165286210328
31218,150.705685060776 -23.3661776200582
31219,150.019399563781 -22.7967810702969
31220,150.049820323191 -23.3539707313027
31221,150.459811135637 -22.6284712714964
31222,150.499361342894 -23.3928194217493
31223,150.737494709883 -23.1548042750978
31224,153.414911649483 -28.0269615928615
31225,153.435201306053 -28.102382609926
31226,153.432249710121 -28.0873901773792
31227,153.434106005089 -28.0379373061527
31228,153.421523686968 -28.0497873021084
31229,153.435847870655 -28.0682133071537
31230,153.533743553611 -28.1697535624372
31231,153.494207685592 -28.1495978961422
31232,153.462696682618 -28.1542886689083
31233,153.449307149642 -28.1357654676819
31234,153.4629824824 -28.1159163691977
31235,153.363019369545 -27.9376781565923
31236,153.39142023702 -27.9298119758671
31237,153.370926018944 -27.9107278636386
31238,153.397931034061 -27.9462170970985
31239,153.395272170623 -27.8851525833202
31240,153.397745020703 -27.9138626506286
31241,153.255284294121 -28.1153484970901
31242,153.149259718385 -28.0957610954816
31243,153.378992066636 -28.188733568729
31244,153.350614178844 -28.1210664776594
31245,153.401838687383 -28.1134596262715
31246,153.366351670663 -28.0215056621772
31247,153.335424698723 -28.0156652849675
31248,153.300342135143 -27.9899593246551
31249,153.323219741951 -27.947211640526
31250,153.331317813498 -28.053214532108
31251,153.339424864195 -27.8468979997101
31252,153.337286920698 -27.9009052060014
31253,153.396851183834 -27.8402256102652
31254,153.338564405541 -27.7481620601814
31255,153.230091735956 -27.7680348345148
31256,153.2917648846 -27.9205173266096
31257,153.313852585029 -27.8129549237734
31258,153.241515136283 -27.8610575354101
31259,153.397300006298 -28.0419335925656
31260,153.373068610684 -28.0508528988617
31261,153.393293703064 -28.0707108593936
31262,153.411083491329 -28.0888997791058
31263,153.376474672053 -27.9888307389651
31264,153.360688067462 -27.9740947231094
31265,153.363042976495 -27.9546056016932
31266,153.400272834064 -27.9737626701061
31267,153.385833342108 -28.0076882398348
31268,153.404794662267 -28.0111084300875
31269,153.425539731969 -27.9569057790493
31270,153.423265279275 -28.002579011279
31271,152.947510517994 -27.5684595306353
31272,152.985756560441 -27.5891849020137
31273,152.965619138805 -27.6180090276528
31274,152.962902171784 -27.5917848643894
31275,152.975826852259 -27.5616299762102
31276,152.921483216171 -27.5889229081519
31277,152.612686237656 -27.9946359618944
31278,152.438307184342 -27.2069024052615
31279,152.763889702072 -27.4142919197459
31280,152.379337499817 -27.6435197027967
31281,152.576971116786 -27.4414831376429
31282,152.578505451734 -27.6824044858562
31283,152.736342712398 -27.5900653479103
31284,152.811244419918 -27.6074874619689
31285,152.742369512136 -27.6499217484531
31286,152.754726049044 -27.6170860743379
31287,152.783996712215 -27.6117711819213
31288,152.735381854336 -27.5464664698795
31289,152.829244454054 -27.5630099628003
31290,152.793211092137 -27.5196099516483
31291,152.716246262004 -27.6055183863942
31292,152.772706987795 -27.5906400935399
31293,152.772757585379 -27.6437319000996
31294,152.814867604004 -27.6995922031072
31295,152.841704622731 -27.5913838291321
31296,152.887314359561 -27.6507972729783
31297,152.919786613237 -27.6312101894978
31298,152.929542454552 -27.6212900283274
31299,152.864284467033 -27.6124755329896
31300,152.89238780794 -27.6116560302037
31301,152.832594173205 -27.6180400115685
31302,152.850244222174 -27.6512085363499
31303,152.910150712766 -27.6525392910376
31304,152.904403210741 -27.6850248346116
31305,152.919240772117 -28.1376412610682
31306,153.193566086562 -27.7151068349118
31307,153.21926901247 -27.6986024956418
31308,153.170018102956 -27.7105439545606
31309,153.205490901299 -27.7310905717254
31310,153.175302850277 -27.7598304388759
31311,153.04088021878 -27.7050630251771
31312,153.062669025319 -27.6626923909093
31313,153.088829211519 -27.7367594858193
31314,153.08444220199 -27.6875945701207
31315,152.970755058702 -27.6714787280345
31316,153.01168878624 -27.6651818438842
31317,153.097574913547 -27.6734878852257
31318,153.034784772636 -27.7378716200524
31319,153.05106232332 -27.6796277324916
31320,152.912069346678 -27.7773840445744
31321,153.04370421902 -27.8550226072119
31322,153.108353937342 -27.7721617678137
31323,153.148745784883 -27.6986099291427
31324,153.238943932154 -27.6687209337402
31325,153.181757671672 -27.6801378667802
31326,153.138875283942 -27.6703308495989
31327,153.177534348997 -27.6498008583299
31328,153.125509802404 -27.6927645357126
31329,153.157837320401 -27.630261204048
31330,153.113195807766 -27.6592291785591
31331,153.09864929289 -27.6472576981727
31332,153.148396054371 -27.603585692258
31333,153.133635256883 -27.6410889764616
31334,153.13832387354 -27.6204185783656
31335,153.111295620035 -27.6088542575691
31336,153.105752097326 -27.6285264813144
31337,148.229759505576 -20.0171703146047
31338,148.727959450322 -22.1882566796224
31339,147.046623322165 -22.3204868358755
31340,147.617606851249 -20.7421624785454
31341,147.889710165282 -21.9474379966677
31342,149.179976237688 -21.0939930267133
31343,149.204308108046 -21.1565600988949
31344,149.169232683363 -21.0598031674298
31345,148.456961986607 -21.0509058256528
31346,149.182318709167 -21.1431941387405
31347,149.21477045144 -21.1174335933544
31348,149.128164137114 -21.106000194616
31349,149.185677162779 -21.1218140744801
31350,149.156944684056 -21.1925752807892
31351,148.732934106825 -21.180943370648
31352,149.215864421951 -21.5532036191671
31353,148.787801829778 -20.8782715597738
31354,149.148368440229 -21.0265458146271
31355,149.214191941667 -21.082861267912
31356,149.181162603751 -21.1648139288229
31357,149.05639940491 -21.2744313045451
31358,149.162770599694 -21.1514385571828
31359,148.876064537911 -20.2417662351619
31360,148.780875351327 -20.3955931988254
31361,148.484244744416 -20.4092813356294
31362,153.063791442068 -27.0643901643261
31363,153.136674625664 -26.9897741522366
31364,153.001855644709 -27.1286352494217
31365,152.971466305912 -27.0632644703883
31366,152.935924403652 -27.1025273127042
31367,152.960950220808 -27.0004329381062
31368,152.965049554945 -27.1075400860448
31369,152.87227266829 -27.0425070066802
31370,152.383570620427 -26.7834764993779
31371,152.763098863203 -26.9507909804371
31372,152.958252190107 -27.1583910201515
31373,153.009151861954 -27.1788053497816
31374,152.921461439012 -27.1431834217938
31375,152.923772084484 -27.1855778546971
31376,152.86725031801 -27.1227389309388
31377,153.082095073866 -27.2468643870941
31378,153.102727148436 -27.247958620276
31379,153.107374595181 -27.226900420528
31380,153.064783243512 -27.216061033984
31381,153.097930231784 -27.2074561128829
31382,152.96900885056 -27.3543150757146
31383,152.921281018087 -27.2983521778087
31384,152.813448936987 -27.2188671572494
31385,152.93695871488 -27.3399838348288
31386,152.94127165291 -27.3811211440821
31387,152.837985707938 -27.3572383605427
31388,152.989913936253 -27.2395597728983
31389,153.031077466412 -27.2702905055849
31390,153.031931360646 -27.2336315340577
31391,152.967828300303 -27.2924585713599
31392,152.98225791078 -27.2810467200164
31393,152.97243103276 -27.2648824137272
31394,152.983312014533 -27.3142852979958
31395,141.827862823955 -13.6057079972106
31396,143.2513838413 -14.1664345909067
31397,143.04084989373 -18.5261612182731
31398,141.808407807751 -14.9391448499846
31399,142.312954012948 -11.0049571901243
31400,143.92223488635 -16.9853819607733
31401,142.412321038371 -10.7311805271301
31402,142.366729159578 -9.85844882679869
31403,141.861007009163 -12.6420644365823
31404,140.273826550136 -17.740204209747
31405,139.510297622509 -20.7259377877045
31406,139.656740075661 -20.5397622780239
31407,142.948555444052 -20.7029699030065
31408,145.72928045156 -23.7265759643408
31409,146.489407984932 -26.1896945353756
31410,140.736558570455 -23.8569928251597
31411,143.859078237843 -27.4425932291537
31412,143.959260416295 -23.7180606351672
31413,153.043305756429 -26.6761123934029
31414,153.050318493821 -26.7058341997779
31415,153.101331440862 -26.7027782982572
31416,153.080153935119 -26.7227729575316
31417,153.120339785757 -26.7735860212167
31418,153.12810053569 -26.6956923969489
31419,153.130011695218 -26.7988026253901
31420,153.07608054836 -26.7976986052054
31421,153.104960741657 -26.8302389612834
31422,153.135972881465 -26.7873357238088
31423,153.125974091891 -26.7222759090588
31424,153.123739274648 -26.7500718173441
31425,153.085893594078 -26.5406469986406
31426,153.07700104397 -26.6112993631122
31427,153.077705648122 -26.6545625835816
31428,153.11122775007 -26.6804449290385
31429,153.015702655731 -26.5977334478969
31430,153.011063803786 -26.6425974217514
31431,152.980125457399 -26.5151640337487
31432,152.950444615479 -26.6330504875062
31433,152.937084485863 -26.3210578902495
31434,153.092994831846 -26.3980029481934
31435,153.060699769637 -26.4228840374179
31436,153.084381483365 -26.4745131429945
31437,153.10194035832 -26.4185524534783
31438,153.016052124427 -26.393580289661
31439,152.96286487853 -26.857551979885
31440,152.763097323048 -26.7372870507463
31441,152.967078768387 -26.9255905987082
31442,152.992387032752 -26.7839250398235
31443,152.768663738476 -26.5970139299614
31444,152.942141884025 -26.7029104729905
31445,151.872999611493 -27.6904526307936
31446,151.933821186379 -27.6052495882147
31447,151.912665579644 -27.5913328280276
31448,152.287762897294 -27.5621037210655
31449,151.867060178834 -27.4539868812672
31450,151.963368668685 -27.4232803984819
31451,152.169866981806 -27.6447769434149
31452,151.96688475015 -27.607093569337
31453,151.932546824218 -27.5560154615224
31454,151.952501347598 -27.527531945467
31455,151.986338346432 -27.584851892072
31456,151.954945163545 -27.5748882158027
31457,151.980431102611 -27.5501345163678
31458,151.844979828754 -27.5654283055531
31459,151.923151230874 -27.5261347232904
31460,147.411958039536 -19.5768756952865
31461,147.2443049068 -19.8306041429988
31462,146.268565899827 -20.0686487683545
31463,145.787930444571 -20.1486756594016
31464,146.154398919211 -18.655112879944
31465,146.045491446133 -18.6622110047558
31466,146.600457675633 -18.7312387120522
31467,146.769731935838 -19.2995018237985
31468,146.790157093988 -19.324204209523
31469,146.750672105322 -19.2116222801305
31470,146.645347641829 -19.3148741894199
31471,146.693751614194 -19.3495596115397
31472,146.752861723106 -19.3055252363129
31473,146.669013313157 -19.2312780947706
31474,146.769520229826 -19.3707202572738
31475,146.770941556919 -19.2581601086088
31476,146.773840200124 -19.28075786006
31477,146.753551708444 -19.2903507066818
31478,146.803230638801 -19.2897371898614
31479,146.79216956876 -19.2809512631557
31480,146.679276599058 -19.4364944003558
31481,146.739902641607 -19.3026344342564
31482,146.720606076153 -19.3039508906517
31483,146.833131137424 -19.138828772715
31484,146.727789973903 -19.2560579437376
31485,146.785052625952 -19.2964812650123
31486,146.439655540639 -19.1567617229546
31487,146.818913870887 -19.3053239796528
31488,146.825579850269 -19.2678901341599
31489,146.853436590235 -19.5416461759903
31490,146.807952129738 -19.2542399749648
31491,146.851003886998 -19.3266665881029
31492,152.388188352959 -24.8738034082621
31493,152.428640703795 -24.85085526085
31494,152.286680620398 -24.9145985987977
31495,152.348599451868 -24.8712996469085
31496,152.381450366021 -24.84928207246
31497,152.323602528166 -24.8345546317587
31498,152.122617332916 -24.7654387366518
31499,152.279548235344 -25.1493396200169
31500,152.311054917631 -24.8775914847412
31501,152.33889577045 -24.890235048198
31502,152.360874641366 -24.8996762930901
31503,151.446462641956 -25.6690256639029
31504,151.787682070623 -24.958244536692
31505,151.840891540221 -26.5318553994863
31506,151.554443756332 -26.1986839571633
31507,151.615410536967 -26.563878123627
31508,151.018324521835 -25.1149257592483
31509,151.933084454032 -26.7086677853334
31510,151.450731830866 -24.6594100250911
31511,152.955389243151 -25.9884013363491
31512,152.671185569022 -26.1767920032777
31513,152.650737388957 -26.2174088826325
31514,152.619902593463 -26.2454527245082
31515,152.178060133317 -26.1147479581486
31516,152.838182732964 -25.3663698262832
31517,152.752667491824 -25.2866676768714
31518,152.818128267051 -25.285723733172
31519,152.817373060862 -25.2570099648805
31520,152.856860210006 -25.2966333866404
31521,152.879994345579 -25.3091386485206
31522,152.926853919265 -25.3002286120775
31523,152.720430019503 -25.5877774117288
31524,152.672202493453 -25.5055436657632
31525,152.478827828827 -25.6951890397156
31526,152.6659019063 -25.5519641438415
39799,
39499,
41001,138.600647146356 -34.9285587986069
41002,138.595340161587 -34.908439494605
41003,138.882087236957 -34.8103144480411
41004,138.725523582691 -35.034891900279
41005,138.776488023781 -35.0908644579508
41006,138.869675138209 -34.9487972695666
41007,138.863732284369 -35.0690657939837
41008,138.904497455628 -35.0907004419948
41009,138.911908766546 -35.0325396319106
41010,138.743285443616 -34.9234926027169
41011,138.672018919745 -34.9258884502484
41012,138.658574433217 -34.9585128968477
41013,138.641170009761 -34.9373758555572
41014,138.705406106541 -34.871489442409
41015,138.671876568918 -34.8775344417107
41016,138.679374895787 -34.8984603799385
41017,138.634020197564 -34.9228858802703
41018,138.648130295475 -34.9002462109947
41019,138.62782274377 -34.9040116066001
41020,138.610323290777 -34.8839574318977
41021,138.592695920149 -34.8840138317736
41022,138.617109501039 -34.892785766292
41023,138.589416081772 -34.95578518755
41024,138.61890778538 -34.9537916790743
41025,138.715068748043 -34.5615758565871
41026,138.761586684533 -34.6104240549841
41027,138.557276104719 -34.6048477286812
41028,138.709877831439 -34.6859223318763
41029,138.666485217165 -34.6874478538337
41030,138.664100119876 -34.7382254938679
41031,138.684921366556 -34.7258306993408
41032,138.650133568182 -34.6501382308161
41033,138.769920719345 -34.7021199307536
41034,138.688927480898 -34.691986945158
41035,138.548876065368 -34.6871024037428
41036,138.600002970794 -34.854293606175
41037,138.644014942397 -34.8490725480452
41038,138.640741262772 -34.8708953979377
41039,138.568305370322 -34.7835103064374
41040,138.647023024476 -34.8301771279951
41041,138.658358001663 -34.8039313941359
41042,138.630994996743 -34.7966279246901
41043,138.610773601651 -34.7825403261976
41044,138.604107929492 -34.7578763345284
41045,138.609392199942 -34.8123514299825
41046,138.638910877013 -34.7711306709376
41047,138.676453410014 -34.7716304854033
41048,138.625396761886 -34.7265551098994
41049,138.739053055749 -34.7687377447585
41050,138.71382762155 -34.765651005667
41051,138.715378124486 -34.8543631302971
41052,138.688219114873 -34.8428303913583
41053,138.684889053683 -34.8094978659159
41054,138.730399469206 -34.8031010709081
41055,138.724730979411 -34.827204534562
41056,138.52249891674 -35.0185587804862
41057,138.519529253343 -34.9835793401904
41058,138.565165247145 -34.9779843801582
41059,138.511010185003 -35.0728225586455
41060,138.535008160001 -35.0443166174637
41061,138.561256326166 -35.0084960039884
41062,138.543494357368 -34.9845768157298
41063,138.538243454413 -35.0724803237533
41064,138.54052443174 -35.0125557083183
41065,138.648593195644 -34.9977586986562
41066,138.586054882432 -35.02453379859
41067,138.62735344112 -35.0275333462015
41068,138.586976514359 -34.9793208491626
41069,138.619662971213 -34.9780564866543
41070,138.58847278556 -35.0026066541323
41071,138.613513616207 -35.0778375721384
41072,138.468345635784 -35.2892912455759
41073,138.497430391281 -35.1448267811803
41074,138.477237773128 -35.1363696817614
41075,138.654923665015 -35.1239508850514
41076,138.623410653209 -35.045149411875
41077,138.581811987652 -35.0477210647958
41078,138.553812637947 -35.1465369114448
41079,138.514609041917 -35.1489935170093
41080,138.581118166095 -35.0868608909529
41081,138.573703572606 -35.0676739076581
41082,138.492875153367 -35.1067735428545
41083,138.565418881492 -35.2026116189908
41084,138.535680596106 -35.120062184685
41085,138.515511579063 -35.1224320513795
41086,138.532370179578 -35.0952219460637
41087,138.481997284335 -35.1979468863974
41088,138.542345774054 -35.2815045369777
41089,138.569121294806 -35.1086041836213
41090,138.537077502729 -34.889877012848
41091,138.534453333011 -34.9067222810051
41092,138.505296853077 -34.9178960437146
41093,138.566502326156 -34.897756353891
41094,138.513092571306 -34.8731038673621
41095,138.506336269328 -34.8943419005405
41096,138.490139866857 -34.8688138268573
41097,138.538571945833 -34.8688141364777
41098,138.546091754447 -34.8252778821763
41099,138.491849225545 -34.8362428979181
41100,138.499262672232 -34.7914560143542
41101,138.519699433815 -34.8414203365367
41102,138.564211031664 -34.8564014566942
41103,138.528782999685 -34.7901926697159
41104,138.53080212821 -34.946128598025
41105,138.513681817644 -34.9273691104347
41106,138.537947543631 -34.9254143019633
41107,138.550444645591 -34.9577958045991
41108,138.566036314453 -34.9278824863389
41109,138.509346437883 -34.9459743070827
41110,139.048644572378 -34.6287884248667
41111,138.860711104188 -34.3909789474411
41112,138.881152009049 -34.6312966082291
41113,138.444420715919 -34.4681959904652
41114,138.991319849928 -34.4668119419193
41115,138.972150000265 -34.5214621741421
41116,138.605365152721 -33.8177428453096
41117,138.747606648996 -34.0056252552289
41118,139.072767219682 -33.6469759445126
41119,138.238631472819 -33.9270821543927
41120,138.512781132602 -33.2732868433915
41121,138.618152136827 -32.7074558137076
41122,138.00329387785 -33.188646256267
41123,138.110239888282 -33.3741705030724
41124,137.820252739951 -33.9860716423937
41125,137.67122836594 -34.043801137385
41126,137.667806158839 -33.8934571924911
41127,137.714103396021 -34.4538481609556
41128,137.307435397942 -35.0511509094262
41129,133.625981170325 -32.0495575522129
41130,135.750348034072 -34.3352669731544
41131,136.470447182768 -33.3927570121032
41132,135.31067018021 -33.3318425240802
41133,135.81074346232 -34.7139069213938
41134,132.73338815623 -31.9040197375249
41135,131.456107308591 -29.7744624930675
41136,137.536518783139 -33.0414044731524
41137,137.583867198549 -32.9726229247397
41138,131.205562927539 -27.0773147928581
41139,134.752352929265 -29.0158585560462
41140,137.260196432716 -32.4657377310999
41141,137.502913069751 -29.2976966943919
41142,137.801561628469 -32.4977616136812
41143,136.87597424819 -30.4839146157744
41144,138.804953959516 -35.5088065530422
41145,137.239738880546 -35.8278211590866
41146,138.865632105026 -35.2423106797651
41147,138.883161524372 -35.3451499621606
41148,138.580976273899 -35.5416962186727
41149,138.380110570628 -35.5169935592863
41150,140.738291903673 -37.846670995544
41151,140.014107901402 -36.7782759338487
41152,140.351921625424 -37.6063207213277
41153,140.756850876812 -37.8160165440203
41154,140.743192223173 -36.947004870083
41155,140.542232898771 -36.978046334762
41156,140.792931600845 -37.3908470257041
41157,140.584441120238 -36.2279199215124
41158,140.342657495418 -37.5222280346562
41159,140.484689653998 -34.2728192163142
41160,140.607710270615 -34.2770634481438
41161,140.340888655244 -35.217350298041
41162,140.597285378198 -34.4613619045668
41163,140.591225113409 -34.62260084721
41164,139.438036774355 -34.7326516758146
41165,139.257891588774 -35.1264817170328
41166,139.30107685639 -35.1396038195613
41167,140.747802891261 -34.1677284970105
41168,140.815097764513 -34.1825923366983
41169,139.721207418353 -35.7009435548532
41170,139.721304404457 -34.200336384514
49799,
49499,
51001,115.255415342692 -34.032464857324
51002,115.329847352994 -33.676006186011
51003,115.348179330917 -33.7277508418526
51004,115.032576553786 -33.9311884591605
51005,115.712751839987 -33.257698920157
51006,115.633326255235 -33.3537562029568
51007,115.630685032964 -33.5516665504687
51008,115.656546729438 -33.367038829482
51009,116.211559906872 -33.2835525190903
51010,115.854098968342 -33.4171894673797
51011,115.685206665852 -33.3740490504412
51012,115.716080862201 -33.3121675912865
51013,115.614632431001 -33.4446051099285
51014,115.92052640067 -33.0947362863276
51015,115.681463803225 -33.3345285868399
51016,115.920179570333 -32.8579224059102
51017,116.416908543897 -33.9279081335347
51018,115.973535135602 -33.669574181808
51019,116.17140553384 -34.2726122161133
51020,116.132030716904 -34.4388514013426
51021,115.645096668952 -32.7163849256534
51022,115.656293084652 -32.5881070443323
51023,115.763149141252 -32.524288855578
51024,115.697563136947 -32.5476204014561
51025,115.733956483966 -32.5238015736788
51026,115.788238878824 -32.5645452831724
51027,115.772686621713 -32.4816606394888
51028,115.740296842556 -32.5520694184874
51029,115.865002568589 -32.6371072727537
51030,115.765615862797 -31.9355938817426
51031,115.782179148377 -31.9812370582589
51032,115.758155788079 -31.9942551787349
51033,115.792111910153 -31.9386190725433
51034,115.76586054814 -32.0117545657754
51035,115.805699041819 -31.9851051491056
51036,115.775928457028 -31.9659182786661
51037,115.831674172599 -31.9625225270646
51038,115.837353173087 -31.9244507545308
51039,115.876664907669 -31.9245007106309
51040,115.853002495986 -31.9269763079057
51041,115.863009269377 -31.9505206155252
51042,115.81351118834 -31.9523393806369
51043,115.821722212018 -31.9328275572443
51044,115.945221081058 -31.9038475423377
51045,115.912698406506 -31.9142157645791
51046,115.900064917482 -31.9369435977109
51047,115.909900236253 -31.8877456494849
51048,115.899013766982 -31.8733267108265
51049,116.304034155213 -31.8097529941186
51050,116.096225560967 -31.8958270277022
51051,116.04362186362 -31.9181272630644
51052,116.285834852702 -31.9652284561717
51053,116.173548507872 -31.8857510636234
51054,116.049339462635 -31.8896333453388
51055,116.188734180104 -31.6360695773987
51056,115.900708436688 -31.8258766301594
51057,115.95147390231 -31.8370000489589
51058,116.028932221238 -31.6630793234518
51059,115.980062219936 -31.7901327518586
51060,116.187462183902 -31.7544071977881
51061,116.000397257672 -31.9156264473192
51062,115.969857712008 -31.8766330125205
51063,115.894184053225 -31.8587284918014
51064,115.917859797131 -31.7295048965068
51065,116.02510378408 -31.8444272104774
51066,116.003460216457 -31.8947012417367
51067,116.068098749595 -31.8387732997632
51068,116.042665062971 -31.7739917792526
51069,116.076421596652 -31.7219057020682
51070,115.767681053326 -31.7833884818903
51071,115.742096757164 -31.7263322917284
51072,115.775898424604 -31.8329088263989
51073,115.804684502225 -31.8317839387554
51074,115.756079723867 -31.756992440567
51075,115.743375990457 -31.8088766274628
51076,115.724300980647 -31.7271318196156
51077,115.774832964117 -31.7459134113912
51078,115.800766411057 -31.8103572230533
51079,115.743298522045 -31.784321716653
51080,115.736011006955 -31.7587077058629
51081,115.768803514424 -31.806445882544
51082,115.754480939995 -31.8312137535628
51083,115.79676033614 -31.7892781190494
51084,115.817214332373 -31.8650728847313
51085,115.851840475796 -31.8562454020761
51086,115.871117889438 -31.886923427613
51087,115.805387535586 -31.9201439824036
51088,115.789006276208 -31.8943130007531
51089,115.782471336424 -31.8654876788828
51090,115.843048972103 -31.8752998112703
51091,115.812449485589 -31.9057154164935
51092,115.765474257885 -31.8965791037666
51093,115.814656310069 -31.889579962322
51094,115.758769211581 -31.8651399492915
51095,115.835848193241 -31.9028993230558
51096,115.78424756182 -31.9166465004433
51097,115.854814880379 -31.9056927305979
51098,115.865811755069 -31.8348658760004
51099,115.710037389653 -31.6519845647561
51100,115.783870531081 -31.6840099916827
51101,115.726512667312 -31.6943948993358
51102,115.839778875152 -31.841026151028
51103,115.847553326688 -31.8050866492316
51104,115.837735609533 -31.8276600630089
51105,115.697805185356 -31.6675649841706
51106,115.744310687665 -31.6813657320438
51107,115.84378622378 -31.7232258844124
51108,115.834467492058 -31.7652357663222
51109,115.745605676738 -31.5607857570254
51110,115.990757709372 -32.163469842565
51111,116.2075182793 -32.1849831847907
51112,115.99120635273 -32.1171571029244
51113,115.931221521594 -32.146976643832
51114,116.025387780606 -32.1151390049224
51115,116.061860882944 -32.1775914178758
51116,116.108628791178 -32.1148982953985
51117,115.989045039454 -32.1364492946634
51118,115.934392716266 -31.941553611181
51119,115.909635276841 -31.9850968620508
51120,115.95932352965 -31.9801372697641
51121,115.971061827855 -31.9456127412558
51122,115.931661944812 -31.9654173623246
51123,115.895882378952 -31.9649749709558
51124,115.909009896388 -32.0098056834631
51125,115.906409957042 -32.0885024007809
51126,115.911230268835 -32.064958489591
51127,115.945826109791 -32.0103648529531
51128,115.921487161213 -32.039485957107
51129,115.886805505731 -32.0342724043689
51130,115.948941108089 -31.9926159891832
51131,115.88782418827 -32.0525067108177
51132,115.968028264618 -32.0286213548661
51133,115.930023143153 -32.0862354253967
51134,115.991980291528 -32.084867458778
51135,115.960875117093 -32.1003380425479
51136,116.030981013484 -32.0602417958415
51137,115.954995154929 -32.0600257789756
51138,116.004336559722 -31.98973437951
51139,116.003404119818 -31.9444385929982
51140,116.043352494413 -31.960976490211
51141,116.141933692518 -32.0273027242374
51142,115.996765827105 -32.2133939434343
51143,115.979405158912 -32.2676391907584
51144,116.063409649749 -32.3889495765081
51145,115.867483705422 -31.9996617513891
51146,115.874678633361 -32.0162718876712
51147,115.869642594113 -31.9810392943199
51148,115.882152816729 -32.1441031273246
51149,115.821754625574 -32.1414982847035
51150,115.80889093297 -32.1058165934244
51151,115.827765006062 -32.0884093258872
51152,115.773211249543 -32.1288357362374
51153,115.807658199876 -32.0833470895348
51154,115.779458375428 -32.0845093313957
51155,115.779377648429 -32.1624014023359
51156,115.863297455607 -32.1078956437737
51157,115.879130240505 -32.0946328661149
51158,115.759371272378 -32.0931124937408
51159,115.842848062906 -32.1062914642291
51160,115.782914715047 -32.1042539604058
51161,115.850131860725 -32.1515225648634
51162,115.812967834482 -32.1635865894675
51163,115.816225102503 -32.1206479753354
51164,115.768167428373 -32.0379402268164
51165,115.596331131484 -32.02097469659
51166,115.774939690089 -32.0694496881156
51167,115.791861772004 -32.05914999463
51168,115.864835228463 -32.2001988946306
51169,115.833585855048 -32.2606055636633
51170,115.799530974974 -32.2557174022898
51171,115.868931174449 -32.2517281634882
51172,115.815280562034 -32.2073923930549
51173,115.775616968826 -32.2197008478004
51174,115.824807730366 -32.2416917771706
51175,115.836084861086 -32.0191662405088
51176,115.847366348139 -32.055471667352
51177,115.785970685264 -32.0357165032185
51178,115.842442061622 -32.0352109256782
51179,115.86241980545 -32.0562540184529
51180,115.866134711144 -32.0751097519586
51181,115.806382087668 -32.0337368896353
51182,115.826043300841 -32.067709139924
51183,115.805332061876 -32.0519575705777
51184,115.82971615217 -32.0521626533506
51185,115.822365750398 -32.3648712971817
51186,115.761050036829 -32.2927269408199
51187,115.75149811772 -32.3734182419029
51188,115.722692202851 -32.248748077717
51189,115.780730803056 -32.3182284099108
51190,115.723020959628 -32.3013092743432
51191,115.75895556199 -32.4212002485194
51192,115.754597927019 -32.3160565095602
51193,115.756475120224 -32.3379724253912
51194,121.854767090218 -33.7997459138463
51195,121.831277158719 -33.3025980878351
51196,113.706885605903 -24.863375395398
51197,115.247066797062 -24.8208687089403
51198,121.493897687683 -30.7894331377182
51199,121.469159477887 -30.7582597728143
51200,121.450919479868 -30.7355639121757
51201,121.463262622599 -30.7945520125313
51202,124.211792386451 -31.3499616735631
51203,125.217119164216 -27.4558681574649
51204,121.520699624064 -30.7705300298063
51205,122.222986735954 -17.9447194603085
51206,124.87509972617 -17.8483487782026
51207,127.594309863902 -19.2262684425436
51208,127.038719965473 -15.6233170647891
51209,122.475351527041 -18.6598177878185
51210,114.622294145565 -28.760340964546
51211,114.673775765104 -28.8110490596189
51212,114.644053399602 -28.6613703274334
51213,114.642774311809 -28.8506211300062
51214,115.091748532229 -29.3264530965593
51215,119.892367557281 -26.0614259554808
51216,116.033577316422 -29.5175709843357
51217,115.032537219581 -28.1351529682496
51218,116.728505959877 -22.4940698848933
51219,123.364837959213 -21.7284755906537
51220,116.821602598436 -20.748884279236
51221,119.742142891275 -23.3668877544028
51222,118.628430264477 -20.3499180841188
51223,117.038225968785 -21.0521083783668
51224,118.600691015739 -20.4065513294562
51225,117.899546409242 -35.0083792426106
51226,118.207337286252 -34.718900612707
51227,117.922880872626 -34.9639406206633
51228,117.118824370547 -34.8904778064482
51229,118.674815993646 -33.8626378923093
51230,117.536798323199 -33.5994215051583
51231,117.302150180079 -34.0789687419277
51232,117.827189345925 -35.056724947983
51233,117.861063512921 -34.9479232876872
51234,117.506912872419 -34.614479335722
51235,118.044913843928 -34.3976421827323
51236,116.078336121271 -31.3743949948679
51237,117.471120203407 -31.7148045560742
51238,117.102689146244 -30.8990881216288
51239,115.568806561287 -30.7514278225988
51240,118.382688221672 -31.844217815245
51241,116.615125435495 -30.3974385837656
51242,118.870199226623 -30.790898426976
51243,116.635996056898 -31.6859473284282
51244,116.380654668519 -31.4710927051563
51245,116.767666807142 -32.0572749945697
51246,117.219026961979 -32.4352308210668
51247,118.911089496354 -32.836848026734
51248,116.314363636008 -32.7547575395112
51249,117.120137167508 -32.9503976198905
51250,116.990363391532 -33.1813983211996
59799,
59499,
61001,147.179335660299 -42.7283030926999
61002,147.302319728824 -42.7012413249206
61003,147.297606839662 -42.7679419790801
61004,147.371051211155 -42.8713695222546
61005,147.465890961805 -42.8416382927544
61006,147.346295802411 -42.829552063047
61007,147.412538132669 -42.8952874334122
61008,147.367241281956 -42.8445666990617
61009,147.393339958631 -42.8561805164711
61010,147.357313932535 -42.7958909057768
61011,147.439315764026 -42.8947657225091
61012,147.482328250401 -42.9801016903917
61013,147.194477502126 -42.7635271293598
61014,147.19726080696 -42.8312869267263
61015,147.222565910054 -42.7880069033497
61016,147.304388708877 -42.8334233678781
61017,147.265383821609 -42.8434318177289
61018,147.249293037203 -42.8260095633344
61019,147.295697104743 -42.8457135409798
61020,147.104076907697 -42.7737227287792
61021,147.281367533272 -42.8496373928218
61022,147.270967332982 -42.9657426013187
61023,147.316698240536 -43.024620440509
61024,147.210485453203 -43.0359465016442
61025,147.205984429339 -42.8983525362133
61026,147.340171755941 -42.950598740546
61027,147.325740657862 -42.8751008396597
61028,147.277920065973 -42.8715300486067
61029,147.320443593136 -42.9169484863617
61030,147.30849376526 -42.8561826097437
61031,147.340786694279 -42.9121468761522
61032,147.279306555654 -42.9159199269645
61033,147.305548170467 -42.884330779461
61034,147.761035913409 -42.8126046327504
61035,147.563631815022 -42.7356533340534
61036,147.133102762678 -41.4207844968056
61037,147.162255393814 -41.4689892349895
61038,147.145497871521 -41.4346077478909
61039,147.045717741308 -41.3737086934216
61040,147.150586904933 -41.4024297125672
61041,147.146341545382 -41.3830242924157
61042,147.162660324319 -41.4425577495519
61043,147.18076722279 -41.4592032739158
61044,147.097906593454 -41.4744657672723
61045,147.182504798323 -41.4159293111735
61046,147.050862678543 -41.4210547002049
61047,147.147496279383 -41.4555520205815
61048,147.136929212881 -41.4795067560481
61049,147.104837302983 -41.4424557241352
61050,147.234093509881 -41.4561311083904
61051,147.126093666263 -41.4536377804787
61052,147.189693591615 -41.4885606965468
61053,146.780367893977 -41.1838117253265
61054,146.359718884799 -41.6541146666017
61055,146.874305136271 -41.323875887661
61056,147.00974973353 -41.5092177113437
61057,146.836956132737 -41.5652433233969
61058,147.350435970371 -41.3650426764996
61059,147.041677564469 -41.1105812019368
61060,147.098749402316 -41.6095264056247
61061,147.514051721558 -41.8624738952815
61062,147.252484505705 -41.5747653458705
61063,147.865165870523 -40.703828188341
61064,148.048472677204 -41.4195236842037
61065,146.698787101735 -42.197029533533
61066,146.80739869905 -42.7754924925184
61067,147.409076576097 -42.4387773433615
61068,146.332429146606 -43.0134701125316
61069,147.279277846579 -43.301824383332
61070,147.108674434807 -43.1687674186713
61071,146.907609582373 -43.3012946336736
61072,146.938380490092 -42.9891628235417
61073,147.834652494434 -43.0546870433096
61074,147.971852417847 -42.2631419894357
61075,145.896150075138 -41.0717496386961
61076,145.93166880476 -41.2739477886613
61077,145.934522943616 -41.0686756704958
61078,145.862776026843 -41.0585470495193
61079,146.040188274896 -41.1270301569453
61080,145.899966643007 -41.092491874926
61081,145.800621515718 -41.0553163389218
61082,146.173779353185 -41.1741262839081
61083,146.119013251096 -41.1491546298812
61084,145.724811609854 -41.0109609724832
61085,146.345041985258 -41.1770526018941
61086,146.387667278228 -41.1868294483247
61087,146.500463925033 -41.2889681897449
61088,146.313035370169 -41.1911313182124
61089,146.603095115732 -41.214206772547
61090,146.341384750171 -41.2298422712505
61091,146.186951122194 -41.4529841276357
61092,146.257452749072 -41.2119839006112
61093,143.985477168396 -39.8638154104384
61094,145.0085137974 -41.08363885128
61095,145.139248041223 -40.8442717561227
61096,145.489117068375 -41.3877591133731
61097,145.527931091924 -41.8898753162896
61098,145.712396343987 -42.5791359851686
69799,
69499,
71001,130.882120667282 -12.411733238269
71002,130.843732383344 -12.4617910629012
71003,130.830041896996 -12.4115898868862
71004,130.837452328185 -12.4351958307666
71005,130.825661596915 -12.4552136237055
71006,130.852636253349 -12.4167248054746
71007,130.844984243178 -12.4326279605284
71008,130.845237701076 -12.44679022085
71009,130.87529727036 -12.4318151060745
71010,130.8732024858 -12.3795443912061
71011,130.890470270206 -12.391248846747
71012,130.938003905487 -12.4285753183404
71013,130.87312532078 -12.3710981021213
71014,130.921828149084 -12.3710315096615
71015,130.889332478795 -12.4485534315925
71016,130.851862564647 -12.3960244267973
71017,130.931840376489 -12.4744616748503
71018,130.872810587213 -12.3889472600352
71019,130.916214520882 -12.4000859546669
71020,130.899221830699 -12.3739601342111
71021,130.894086270457 -12.3489536929991
71022,130.896902515345 -12.3976854769755
71023,130.862520258711 -12.3918586852884
71024,130.880882620986 -12.3885038897352
71025,130.848572788517 -12.3835875960554
71026,130.859194539405 -12.3804209399503
71027,130.878004467693 -12.3587600656344
71028,130.885380213812 -12.3807420476648
71029,130.888145192314 -12.3712878434064
71030,130.895430493386 -12.3834498352375
71031,131.042264231227 -12.4635005891924
71032,131.130961638711 -12.5603972938617
71033,131.157056606808 -12.3441992174924
71034,131.037115598003 -12.5568642212012
71035,131.100811001676 -12.6885775703432
71036,130.993435272756 -12.4968393448908
71037,130.97539301653 -12.48601676658
71038,130.962355013633 -12.478179633294
71039,130.982280130359 -12.4903627000095
71040,130.973126334613 -12.5055878920597
71041,130.992633992337 -12.4801215234971
71042,130.982919657996 -12.5192699374464
71043,130.98780301452 -12.5104632654072
71044,130.980158813978 -12.5017271201781
71045,133.874906169616 -23.6788287638785
71046,133.914817702094 -23.689057941649
71047,133.840136993966 -23.7128114447961
71048,133.855670459235 -23.6585514029761
71049,133.906622124068 -23.7214487733505
71050,133.495511447915 -25.0996387565171
71051,133.840734577828 -23.7729625641463
71052,135.531843691738 -23.156255999443
71053,130.590025228895 -21.3659236818986
71054,132.586203039583 -21.8954040191188
71055,135.062996148907 -19.2806240282472
71056,134.187069027362 -19.6548001178344
71057,131.803499064828 -12.8836899229068
71058,130.906829677176 -14.0266969128452
71059,129.703987091748 -14.2034760445271
71060,130.816214678327 -11.5600027416485
71061,133.616931315911 -12.3334688240685
71062,136.597796420809 -13.9883028215867
71063,135.663465625885 -12.8441005309373
71064,136.777001881845 -12.1814314116226
71065,133.44508079951 -14.9086804687451
71066,135.862129876817 -15.9630042659123
71067,132.195091775493 -14.6901591366714
71068,130.572058614966 -16.5774550104362
79799,
79499,
81001,149.080404339892 -35.25817089865
81002,149.067619417201 -35.2356644152589
81003,149.090829442455 -35.2440530223639
81004,149.034123960348 -35.2001893868177
81005,149.065664526111 -35.2601371503541
81006,149.019841164801 -35.1940224049624
81007,149.068913182944 -35.2119054678814
81008,149.04999610689 -35.2258824277779
81009,149.043891461735 -35.2059252548539
81010,149.045338996674 -35.1917015321148
81011,149.096000276672 -35.2109276281278
81012,149.060463578184 -35.1849278360301
81013,149.036661514766 -35.2470650343844
81014,149.027202539999 -35.2324155067245
81015,149.011878297831 -35.224413778002
81016,149.109175590585 -35.2278116104512
81017,149.031442723129 -35.2165204332475
81018,149.088213303159 -35.2250410276953
81019,149.011010455154 -35.2098020456107
81020,149.06324502246 -35.2511857373679
81021,149.077035140378 -35.2175244937048
81022,149.054050358907 -35.2101567180962
81023,149.049875281256 -35.238636504079
81024,149.039000983202 -35.2346225659215
81025,149.064378186911 -35.1987301962897
81026,149.049727392522 -35.2501516586875
81027,148.956099399319 -35.3839964068046
81028,149.03232855096 -35.2609472467667
81029,148.938306768972 -35.6429655832665
81030,149.163159320714 -35.3507606865624
81031,149.165814477507 -35.385487878871
81032,149.313640970423 -35.310870621884
81033,149.209560512516 -35.2747481268239
81034,149.12802168898 -35.1695857328411
81035,149.142954766025 -35.1559905468811
81036,149.094704995555 -35.1670127546637
81037,149.107362961254 -35.202823104982
81038,149.146065158949 -35.1682263672583
81039,149.143293206293 -35.1994608211701
81040,149.136192901221 -35.1867436929259
81041,149.170156558722 -35.191107133967
81042,149.11058782314 -35.149497509687
81043,149.066897234517 -35.1701797249515
81044,149.15631105153 -35.1990612184266
81045,149.129341762476 -35.2144702958564
81046,149.111465941877 -35.1728030488287
81047,149.096481126524 -35.1873332919022
81048,149.119403696264 -35.194469063737
81049,149.116772643889 -35.2804246755496
81050,149.147845931974 -35.2622468390619
81051,149.135689758722 -35.2707755584432
81052,149.156924197813 -35.292339646525
81053,149.12927086894 -35.2812526831862
81054,149.141742046898 -35.2528054161211
81055,149.143540506248 -35.2439516969975
81056,149.163524351691 -35.2494781477124
81057,149.130742692193 -35.2397950502121
81058,149.11248278305 -35.2564452141661
81059,149.139052648468 -35.2857790296474
81060,149.12465371973 -35.2688098466
81061,149.15944036835 -35.2347419597019
81062,149.103084894364 -35.3192663898484
81063,149.12475863854 -35.3171955836109
81064,149.137136766339 -35.3253338921645
81065,149.141623788978 -35.3124834430053
81066,149.114266403946 -35.2948450766609
81067,149.149238732303 -35.3356983768077
81068,149.128641337507 -35.3033487503229
81069,149.120577782473 -35.333429837364
81070,149.098639525665 -35.3040363720396
81071,149.099652199581 -35.4719354581409
81072,149.078224852298 -35.4332553051657
81073,149.107072477772 -35.4404186664014
81074,149.124757198988 -35.4220313144017
81075,149.104215740565 -35.4592556218753
81076,149.117648984349 -35.4019445053762
81077,149.138184972419 -35.4152234241084
81078,149.084980163524 -35.4567590670764
81079,149.109034980917 -35.4118691130349
81080,149.064934863783 -35.4158428902642
81081,149.093955043035 -35.4280151967355
81082,149.05804478551 -35.3862388860826
81083,149.131734337127 -35.4052376488759
81084,149.090627209643 -35.415766919207
81085,149.092587163945 -35.3812403699921
81086,149.078604488368 -35.4095174852813
81087,149.113771963385 -35.4278747106583
81088,149.119707970594 -35.4496245192361
81089,149.112473537053 -35.5060972923552
81090,149.090862718605 -35.3978258816841
81091,149.037423416973 -35.3562078857287
81092,149.031884157672 -35.3345879287935
81093,149.057041473805 -35.3612629009698
81094,149.04613948394 -35.3343945433542
81095,149.03790436571 -35.3470924654548
81096,149.049296621909 -35.3496909361037
81097,149.062144138805 -35.3529716512156
81098,149.059286082876 -35.3358199383666
81099,149.076835162821 -35.35339787807
81100,149.077633392146 -35.3246367519744
81101,149.104995907804 -35.3767277621069
81102,149.108459215898 -35.3413895417171
81103,149.094909812368 -35.3326865819163
81104,149.115554294919 -35.3686242699344
81105,149.07396238446 -35.3406048661263
81106,149.098625809205 -35.3634009887103
81107,149.112801407189 -35.3525339380796
81108,149.08337958197 -35.3622216613326
81109,149.090899156649 -35.3470340646083
81110,149.087733847919 -35.3720270179251
89799,
89499,
91001,105.636470670692 -10.4853554687947
91002,96.8622412442167 -12.1345905211369
91003,150.690522462436 -35.152473800689
99799,
99499,
